{"cameraMode":{"drawMode":0,"name":"Shaded","section":"Shading Mode"},"sceneLighting":false,"audioPlay":false,"sceneViewState":{"showFog":true,"showMaterialUpdate":false,"showSkybox":true,"showFlares":true,"showImageEffects":true,"showParticleSystems":true},"in2DMode":false,"pivot":{"x":277.9512023925781,"y":14.45016098022461,"z":-254.27548217773438},"rotation":{"x":0.11096309870481491,"y":-0.7347519397735596,"z":0.12398052215576172,"w":0.6576136350631714},"size":8.40536117553711,"orthographic":false}