{"cameraMode":{"drawMode":0,"name":"Shaded","section":"Shading Mode"},"sceneLighting":false,"audioPlay":false,"sceneViewState":{"showFog":true,"showMaterialUpdate":false,"showSkybox":true,"showFlares":true,"showImageEffects":true,"showParticleSystems":true},"in2DMode":false,"pivot":{"x":388.58349609375,"y":81.92499542236328,"z":30.614486694335939},"rotation":{"x":-0.002562928944826126,"y":0.9341709613800049,"z":0.0067096734419465069,"w":0.3567536473274231},"size":203.8982391357422,"orthographic":false}