{"cameraMode":{"drawMode":0,"name":"Shaded","section":"Shading Mode"},"sceneLighting":false,"audioPlay":false,"sceneViewState":{"showFog":true,"showMaterialUpdate":false,"showSkybox":true,"showFlares":true,"showImageEffects":true,"showParticleSystems":true},"in2DMode":false,"pivot":{"x":806.6470947265625,"y":1.1161288022994996,"z":-423.06903076171877},"rotation":{"x":0.02877829037606716,"y":-0.9461643695831299,"z":0.31022748351097109,"w":0.08777138590812683},"size":25.532859802246095,"orthographic":false}