{"cameraMode":{"drawMode":0,"name":"Shaded","section":"Shading Mode"},"sceneLighting":false,"audioPlay":false,"sceneViewState":{"showFog":true,"showMaterialUpdate":false,"showSkybox":true,"showFlares":true,"showImageEffects":true,"showParticleSystems":true},"in2DMode":false,"pivot":{"x":278.0541076660156,"y":14.072366714477539,"z":-253.7935028076172},"rotation":{"x":0.13090205192565919,"y":-0.7115960121154785,"z":0.13771268725395204,"w":0.6764103770256043},"size":8.40536117553711,"orthographic":false}