{"cameraMode":{"drawMode":0,"name":"Shaded","section":"Shading Mode"},"sceneLighting":false,"audioPlay":false,"sceneViewState":{"showFog":true,"showMaterialUpdate":false,"showSkybox":false,"showFlares":true,"showImageEffects":true,"showParticleSystems":true},"in2DMode":false,"pivot":{"x":96.17467498779297,"y":6.652416229248047,"z":-300.4094543457031},"rotation":{"x":-0.31147605180740359,"y":-0.01938633993268013,"z":0.006356243975460529,"w":-0.950035035610199},"size":55.40167999267578,"orthographic":false}