{"cameraMode":{"drawMode":0,"name":"Shaded","section":"Shading Mode"},"sceneLighting":false,"audioPlay":false,"sceneViewState":{"showFog":true,"showMaterialUpdate":false,"showSkybox":true,"showFlares":true,"showImageEffects":true,"showParticleSystems":true},"in2DMode":false,"pivot":{"x":285.9134521484375,"y":15.812725067138672,"z":-253.0747528076172},"rotation":{"x":0.02057313732802868,"y":-0.8509134650230408,"z":-0.03342053294181824,"w":-0.5238379240036011},"size":5.266986846923828,"orthographic":false}