{"cameraMode":{"drawMode":0,"name":"Shaded","section":"Shading Mode"},"sceneLighting":false,"audioPlay":false,"sceneViewState":{"showFog":true,"showMaterialUpdate":false,"showSkybox":true,"showFlares":true,"showImageEffects":true,"showParticleSystems":true},"in2DMode":false,"pivot":{"x":66.58817291259766,"y":-0.8678703308105469,"z":-291.2073059082031},"rotation":{"x":-0.11463157832622528,"y":0.1254129707813263,"z":-0.014589501544833184,"w":-0.9853519201278687},"size":35.52613830566406,"orthographic":false}